bus,Pg,Qg,Qmax,Qmin,Vg,mBase,status,Pmax,Pmin,Pc1,Pc2,Qc1min,Qc1max,Qc2min,Qc2max,ramp_agc,ramp_10,ramp_30,ramp_q,apf
1,0,0,0,0,1,100,1,1000,0,0,0,0,0,0,0,0,0,0,0,0
1,0,0,0,0,1,100,1,1000,0,0,0,0,0,0,0,0,0,0,0,0
1,130,0,12.18,-12.18,1,100,1,1000,0,0,0,0,0,0,0,0,0,0,0,0
1,0,0,0,0,1,100,1,1000,0,0,0,0,0,0,0,0,0,0,0,0
1,1516.8,0,165.7,-165.7,1,100,1,1000,0,0,0,0,0,0,0,0,0,0,0,0
1,0,0,0,0,1,100,1,1000,0,0,0,0,0,0,0,0,0,0,0,0
1,51,0,5.9,-5.9,1,100,1,1000,0,0,0,0,0,0,0,0,0,0,0,0
1,0,0,0,0,1,100,1,1000,0,0,0,0,0,0,0,0,0,0,0,0
1,0,0,0,0,1,100,1,1000,0,0,0,0,0,0,0,0,0,0,0,0
1,101.8,0,118.7,-118.7,1,100,1,1000,0,0,0,0,0,0,0,0,0,0,0,0
1,510.3,0,370.3,-370.3,1,100,1,1000,0,0,0,0,0,0,0,0,0,0,0,0
1,0,0,140,-140,1,100,1,1000,0,0,0,0,0,0,0,0,0,0,0,0
2,0,0,0,0,1,100,1,1000,0,0,0,0,0,0,0,0,0,0,0,0
2,0,0,0,0,1,100,1,1000,0,0,0,0,0,0,0,0,0,0,0,0
2,152,0,21.5,-21.5,1,100,1,1000,0,0,0,0,0,0,0,0,0,0,0,0
2,0,0,0,0,1,100,1,1000,0,0,0,0,0,0,0,0,0,0,0,0
2,0,0,0,0,1,100,1,1000,0,0,0,0,0,0,0,0,0,0,0,0
2,0,0,0,0,1,100,1,1000,0,0,0,0,0,0,0,0,0,0,0,0
2,54,0,8.6,-8.6,1,100,1,1000,0,0,0,0,0,0,0,0,0,0,0,0
2,0,0,0,0,1,100,1,1000,0,0,0,0,0,0,0,0,0,0,0,0
2,1000,0,113.9,-113.9,1,100,1,1000,0,0,0,0,0,0,0,0,0,0,0,0
2,107.7,0,97.3,-97.3,1,100,1,1000,0,0,0,0,0,0,0,0,0,0,0,0
2,55.3,0,31.8,-31.8,1,100,1,1000,0,0,0,0,0,0,0,0,0,0,0,0
2,0,0,220.4,-220.4,1,100,1,1000,0,0,0,0,0,0,0,0,0,0,0,0
3,0,0,0,0,1,100,1,1000,0,0,0,0,0,0,0,0,0,0,0,0
3,0,0,0,0,1,100,1,1000,0,0,0,0,0,0,0,0,0,0,0,0
3,0,0,0,0,1,100,1,1000,0,0,0,0,0,0,0,0,0,0,0,0
3,0,0,0,0,1,100,1,1000,0,0,0,0,0,0,0,0,0,0,0,0
3,0,0,0,0,1,100,1,1000,0,0,0,0,0,0,0,0,0,0,0,0
3,0,0,0,0,1,100,1,1000,0,0,0,0,0,0,0,0,0,0,0,0
3,11,0,1.5,-1.5,1,100,1,1000,0,0,0,0,0,0,0,0,0,0,0,0
3,0,0,0,0,1,100,1,1000,0,0,0,0,0,0,0,0,0,0,0,0
3,0,0,0,0,1,100,1,1000,0,0,0,0,0,0,0,0,0,0,0,0
3,2000,0,135.9,-135.9,1,100,1,1000,0,0,0,0,0,0,0,0,0,0,0,0
3,22.9,0,13.7,-13.7,1,100,1,1000,0,0,0,0,0,0,0,0,0,0,0,0
3,299.7,0,107.3,-107.3,1,100,1,1000,0,0,0,0,0,0,0,0,0,0,0,0
3,1000,0,68,-68,1,100,1,1000,0,0,0,0,0,0,0,0,0,0,0,0
3,0,0,360.7,-360.7,1,100,1,1000,0,0,0,0,0,0,0,0,0,0,0,0
4,0,0,0,0,1,100,1,1000,0,0,0,0,0,0,0,0,0,0,0,0
4,0,0,0,0,1,100,1,1000,0,0,0,0,0,0,0,0,0,0,0,0
4,634,0,118.4,-118.4,1,100,1,1000,0,0,0,0,0,0,0,0,0,0,0,0
4,0,0,0,0,1,100,1,1000,0,0,0,0,0,0,0,0,0,0,0,0
4,0,0,0,0,1,100,1,1000,0,0,0,0,0,0,0,0,0,0,0,0
4,0,0,0,0,1,100,1,1000,0,0,0,0,0,0,0,0,0,0,0,0
4,33,0,6.8,-6.8,1,100,1,1000,0,0,0,0,0,0,0,0,0,0,0,0
4,0,0,0,0,1,100,1,1000,0,0,0,0,0,0,0,0,0,0,0,0
4,66.7,0,9.5,-9.5,1,100,1,1000,0,0,0,0,0,0,0,0,0,0,0,0
4,586.1,0,58.1,-58.1,1,100,1,1000,0,0,0,0,0,0,0,0,0,0,0,0
4,0,0,50.2,-50.2,1,100,1,1000,0,0,0,0,0,0,0,0,0,0,0,0
5,100,0,11.4,-11.4,1,100,1,1000,0,0,0,0,0,0,0,0,0,0,0,0
5,0,0,0,0,1,100,1,1000,0,0,0,0,0,0,0,0,0,0,0,0
5,253,0,24.5,-24.5,1,100,1,1000,0,0,0,0,0,0,0,0,0,0,0,0
5,0,0,0,0,1,100,1,1000,0,0,0,0,0,0,0,0,0,0,0,0
5,0,0,0,0,1,100,1,1000,0,0,0,0,0,0,0,0,0,0,0,0
5,0,0,0,0,1,100,1,1000,0,0,0,0,0,0,0,0,0,0,0,0
5,43,0,4.8,-4.8,1,100,1,1000,0,0,0,0,0,0,0,0,0,0,0,0
5,0,0,0,0,1,100,1,1000,0,0,0,0,0,0,0,0,0,0,0,0
5,85.1,0,99.7,-99.7,1,100,1,1000,0,0,0,0,0,0,0,0,0,0,0,0
5,17.5,0,9.2,-9.2,1,100,1,1000,0,0,0,0,0,0,0,0,0,0,0,0
5,0,0,14.7,-14.7,1,100,1,1000,0,0,0,0,0,0,0,0,0,0,0,0
5,0,0,244.6,-244.6,1,100,1,1000,0,0,0,0,0,0,0,0,0,0,0,0
6,0,0,0,0,1,100,1,1000,0,0,0,0,0,0,0,0,0,0,0,0
6,0,0,0,0,1,100,1,1000,0,0,0,0,0,0,0,0,0,0,0,0
6,0,0,0,0,1,100,1,1000,0,0,0,0,0,0,0,0,0,0,0,0
6,0,0,0,0,1,100,1,1000,0,0,0,0,0,0,0,0,0,0,0,0
6,0,0,0,0,1,100,1,1000,0,0,0,0,0,0,0,0,0,0,0,0
6,0,0,0,0,1,100,1,1000,0,0,0,0,0,0,0,0,0,0,0,0
6,31,0,3.2,-3.2,1,100,1,1000,0,0,0,0,0,0,0,0,0,0,0,0
6,0,0,0,0,1,100,1,1000,0,0,0,0,0,0,0,0,0,0,0,0
6,62.2,0,61,-61,1,100,1,1000,0,0,0,0,0,0,0,0,0,0,0,0
6,9.3,0,4.1,-4.1,1,100,1,1000,0,0,0,0,0,0,0,0,0,0,0,0
6,0,0,117.5,-117.5,1,100,1,1000,0,0,0,0,0,0,0,0,0,0,0,0
7,0,0,0,0,1,100,1,1000,0,0,0,0,0,0,0,0,0,0,0,0
7,0,0,0,0,1,100,1,1000,0,0,0,0,0,0,0,0,0,0,0,0
7,0,0,0,0,1,100,1,1000,0,0,0,0,0,0,0,0,0,0,0,0
7,0,0,0,0,1,100,1,1000,0,0,0,0,0,0,0,0,0,0,0,0
7,0,0,0,0,1,100,1,1000,0,0,0,0,0,0,0,0,0,0,0,0
7,0,0,0,0,1,100,1,1000,0,0,0,0,0,0,0,0,0,0,0,0
7,34,0,3.8,-3.8,1,100,1,1000,0,0,0,0,0,0,0,0,0,0,0,0
7,0,0,0,0,1,100,1,1000,0,0,0,0,0,0,0,0,0,0,0,0
7,67.1,0,102,-102,1,100,1,1000,0,0,0,0,0,0,0,0,0,0,0,0
7,0.2,0,0,0,1,100,1,1000,0,0,0,0,0,0,0,0,0,0,0,0
7,0,0,254.8,-254.8,1,100,1,1000,0,0,0,0,0,0,0,0,0,0,0,0
7,0,0,1100.7,-1100.7,1,100,1,1000,0,0,0,0,0,0,0,0,0,0,0,0
8,0,0,0,0,1,100,1,1000,0,0,0,0,0,0,0,0,0,0,0,0
8,0,0,0,0,1,100,1,1000,0,0,0,0,0,0,0,0,0,0,0,0
8,68,0,15.7,-15.7,1,100,1,1000,0,0,0,0,0,0,0,0,0,0,0,0
8,0,0,0,0,1,100,1,1000,0,0,0,0,0,0,0,0,0,0,0,0
8,0,0,0,0,1,100,1,1000,0,0,0,0,0,0,0,0,0,0,0,0
8,0,0,0,0,1,100,1,1000,0,0,0,0,0,0,0,0,0,0,0,0
8,92,0,22.9,-22.9,1,100,1,1000,0,0,0,0,0,0,0,0,0,0,0,0
8,0,0,0,0,1,100,1,1000,0,0,0,0,0,0,0,0,0,0,0,0
8,183.5,0,24.2,-24.2,1,100,1,1000,0,0,0,0,0,0,0,0,0,0,0,0
8,0.7,0,0.3,-0.3,1,100,1,1000,0,0,0,0,0,0,0,0,0,0,0,0
8,0,0,171.5,-171.5,1,100,1,1000,0,0,0,0,0,0,0,0,0,0,0,0
9,0,0,0,0,1,100,1,1000,0,0,0,0,0,0,0,0,0,0,0,0
9,0,0,0,0,1,100,1,1000,0,0,0,0,0,0,0,0,0,0,0,0
9,0,0,0,0,1,100,1,1000,0,0,0,0,0,0,0,0,0,0,0,0
9,0,0,0,0,1,100,1,1000,0,0,0,0,0,0,0,0,0,0,0,0
9,0,0,0,0,1,100,1,1000,0,0,0,0,0,0,0,0,0,0,0,0
9,0,0,0,0,1,100,1,1000,0,0,0,0,0,0,0,0,0,0,0,0
9,49,0,9.5,-9.5,1,100,1,1000,0,0,0,0,0,0,0,0,0,0,0,0
9,0,0,0,0,1,100,1,1000,0,0,0,0,0,0,0,0,0,0,0,0
9,98,0,19.1,-19.1,1,100,1,1000,0,0,0,0,0,0,0,0,0,0,0,0
9,0.7,0,0.1,-0.1,1,100,1,1000,0,0,0,0,0,0,0,0,0,0,0,0
9,0,0,46.6,-46.6,1,100,1,1000,0,0,0,0,0,0,0,0,0,0,0,0
10,742,0,71.5,-71.5,1,100,1,1000,0,0,0,0,0,0,0,0,0,0,0,0
10,0,0,0,0,1,100,1,1000,0,0,0,0,0,0,0,0,0,0,0,0
10,761,0,73.5,-73.5,1,100,1,1000,0,0,0,0,0,0,0,0,0,0,0,0
10,0,0,0,0,1,100,1,1000,0,0,0,0,0,0,0,0,0,0,0,0
10,0,0,0,0,1,100,1,1000,0,0,0,0,0,0,0,0,0,0,0,0
10,0,0,0,0,1,100,1,1000,0,0,0,0,0,0,0,0,0,0,0,0
10,12,0,1.4,-1.4,1,100,1,1000,0,0,0,0,0,0,0,0,0,0,0,0
10,0,0,0,0,1,100,1,1000,0,0,0,0,0,0,0,0,0,0,0,0
10,600,0,135.6,-135.6,1,100,1,1000,0,0,0,0,0,0,0,0,0,0,0,0
10,24.5,0,22.7,-22.7,1,100,1,1000,0,0,0,0,0,0,0,0,0,0,0,0
10,205.1,0,116.5,-116.5,1,100,1,1000,0,0,0,0,0,0,0,0,0,0,0,0
11,0,0,0,0,1,100,1,1000,0,0,0,0,0,0,0,0,0,0,0,0
11,0,0,0,0,1,100,1,1000,0,0,0,0,0,0,0,0,0,0,0,0
11,121,0,14.9,-14.9,1,100,1,1000,0,0,0,0,0,0,0,0,0,0,0,0
11,0,0,0,0,1,100,1,1000,0,0,0,0,0,0,0,0,0,0,0,0
11,0,0,0,0,1,100,1,1000,0,0,0,0,0,0,0,0,0,0,0,0
11,0,0,0,0,1,100,1,1000,0,0,0,0,0,0,0,0,0,0,0,0
11,12,0,1.7,-1.7,1,100,1,1000,0,0,0,0,0,0,0,0,0,0,0,0
11,0,0,0,0,1,100,1,1000,0,0,0,0,0,0,0,0,0,0,0,0
11,23.7,0,12.2,-12.2,1,100,1,1000,0,0,0,0,0,0,0,0,0,0,0,0
11,17.6,0,4.3,-4.3,1,100,1,1000,0,0,0,0,0,0,0,0,0,0,0,0
11,0,0,418.8,-418.8,1,100,1,1000,0,0,0,0,0,0,0,0,0,0,0,0
12,0,0,0,0,1,100,1,1000,0,0,0,0,0,0,0,0,0,0,0,0
12,0,0,0,0,1,100,1,1000,0,0,0,0,0,0,0,0,0,0,0,0
12,230,0,6.9,-6.9,1,100,1,1000,0,0,0,0,0,0,0,0,0,0,0,0
12,0,0,0,0,1,100,1,1000,0,0,0,0,0,0,0,0,0,0,0,0
12,3400,0,190.4,-190.4,1,100,1,1000,0,0,0,0,0,0,0,0,0,0,0,0
12,0,0,0,0,1,100,1,1000,0,0,0,0,0,0,0,0,0,0,0,0
12,38,0,1.1,-1.1,1,100,1,1000,0,0,0,0,0,0,0,0,0,0,0,0
12,0,0,0,0,1,100,1,1000,0,0,0,0,0,0,0,0,0,0,0,0
12,0,0,0,0,1,100,1,1000,0,0,0,0,0,0,0,0,0,0,0,0
12,75.9,0,69.7,-69.7,1,100,1,1000,0,0,0,0,0,0,0,0,0,0,0,0
12,1905.6,0,1114.2,-1114.2,1,100,1,1000,0,0,0,0,0,0,0,0,0,0,0,0
13,0,0,0,0,1,100,1,1000,0,0,0,0,0,0,0,0,0,0,0,0
13,0,0,0,0,1,100,1,1000,0,0,0,0,0,0,0,0,0,0,0,0
13,0,0,0,0,1,100,1,1000,0,0,0,0,0,0,0,0,0,0,0,0
13,0,0,0,0,1,100,1,1000,0,0,0,0,0,0,0,0,0,0,0,0
13,0,0,0,0,1,100,1,1000,0,0,0,0,0,0,0,0,0,0,0,0
13,0,0,0,0,1,100,1,1000,0,0,0,0,0,0,0,0,0,0,0,0
13,61,0,6.8,-6.8,1,100,1,1000,0,0,0,0,0,0,0,0,0,0,0,0
13,0,0,0,0,1,100,1,1000,0,0,0,0,0,0,0,0,0,0,0,0
13,121.4,0,83,-83,1,100,1,1000,0,0,0,0,0,0,0,0,0,0,0,0
13,70.7,0,22.3,-22.3,1,100,1,1000,0,0,0,0,0,0,0,0,0,0,0,0
13,0,0,270.3,-270.3,1,100,1,1000,0,0,0,0,0,0,0,0,0,0,0,0
13,0,0,231,-231,1,100,1,1000,0,0,0,0,0,0,0,0,0,0,0,0
14,0,0,0,0,1,100,1,1000,0,0,0,0,0,0,0,0,0,0,0,0
14,0,0,0,0,1,100,1,1000,0,0,0,0,0,0,0,0,0,0,0,0
14,0,0,0,0,1,100,1,1000,0,0,0,0,0,0,0,0,0,0,0,0
14,0,0,0,0,1,100,1,1000,0,0,0,0,0,0,0,0,0,0,0,0
14,0,0,0,0,1,100,1,1000,0,0,0,0,0,0,0,0,0,0,0,0
14,0,0,0,0,1,100,1,1000,0,0,0,0,0,0,0,0,0,0,0,0
14,40,0,2.5,-2.5,1,100,1,1000,0,0,0,0,0,0,0,0,0,0,0,0
14,0,0,0,0,1,100,1,1000,0,0,0,0,0,0,0,0,0,0,0,0
14,80.7,0,79.5,-79.5,1,100,1,1000,0,0,0,0,0,0,0,0,0,0,0,0
14,22.1,0,9.8,-9.8,1,100,1,1000,0,0,0,0,0,0,0,0,0,0,0,0
14,0,0,46.4,-46.4,1,100,1,1000,0,0,0,0,0,0,0,0,0,0,0,0
14A,0,0,0,0,1,100,1,1000,0,0,0,0,0,0,0,0,0,0,0,0
14A,0,0,0,0,1,100,1,1000,0,0,0,0,0,0,0,0,0,0,0,0
14A,0,0,0,0,1,100,1,1000,0,0,0,0,0,0,0,0,0,0,0,0
14A,0,0,0,0,1,100,1,1000,0,0,0,0,0,0,0,0,0,0,0,0
14A,0,0,0,0,1,100,1,1000,0,0,0,0,0,0,0,0,0,0,0,0
14A,0,0,0,0,1,100,1,1000,0,0,0,0,0,0,0,0,0,0,0,0
14A,11,0,0.8,-0.8,1,100,1,1000,0,0,0,0,0,0,0,0,0,0,0,0
14A,0,0,0,0,1,100,1,1000,0,0,0,0,0,0,0,0,0,0,0,0
14A,22.8,0,21.2,-21.2,1,100,1,1000,0,0,0,0,0,0,0,0,0,0,0,0
14A,0.4,0,0.1,-0.1,1,100,1,1000,0,0,0,0,0,0,0,0,0,0,0,0
14A,0,0,46.6,-46.6,1,100,1,1000,0,0,0,0,0,0,0,0,0,0,0,0
15,0,0,0,0,1,100,1,1000,0,0,0,0,0,0,0,0,0,0,0,0
15,0,0,0,0,1,100,1,1000,0,0,0,0,0,0,0,0,0,0,0,0
15,190,0,5.1,-5.1,1,100,1,1000,0,0,0,0,0,0,0,0,0,0,0,0
15,0,0,0,0,1,100,1,1000,0,0,0,0,0,0,0,0,0,0,0,0
15,0,0,0,0,1,100,1,1000,0,0,0,0,0,0,0,0,0,0,0,0
15,0,0,0,0,1,100,1,1000,0,0,0,0,0,0,0,0,0,0,0,0
15,65,0,2.9,-2.9,1,100,1,1000,0,0,0,0,0,0,0,0,0,0,0,0
15,0,0,0,0,1,100,1,1000,0,0,0,0,0,0,0,0,0,0,0,0
15,129.2,0,139.8,-139.8,1,100,1,1000,0,0,0,0,0,0,0,0,0,0,0,0
15,211.5,0,120.5,-120.5,1,100,1,1000,0,0,0,0,0,0,0,0,0,0,0,0
15,0,0,233.2,-233.2,1,100,1,1000,0,0,0,0,0,0,0,0,0,0,0,0
16,0,0,0,0,1,100,1,1000,0,0,0,0,0,0,0,0,0,0,0,0
16,0,0,0,0,1,100,1,1000,0,0,0,0,0,0,0,0,0,0,0,0
16,435,0,48.5,-48.5,1,100,1,1000,0,0,0,0,0,0,0,0,0,0,0,0
16,0,0,0,0,1,100,1,1000,0,0,0,0,0,0,0,0,0,0,0,0
16,0,0,0,0,1,100,1,1000,0,0,0,0,0,0,0,0,0,0,0,0
16,0,0,0,0,1,100,1,1000,0,0,0,0,0,0,0,0,0,0,0,0
16,5,0,0.6,-0.6,1,100,1,1000,0,0,0,0,0,0,0,0,0,0,0,0
16,0,0,0,0,1,100,1,1000,0,0,0,0,0,0,0,0,0,0,0,0
16,9.2,0,5.3,-5.3,1,100,1,1000,0,0,0,0,0,0,0,0,0,0,0,0
16,359.3,0,122.4,-122.4,1,100,1,1000,0,0,0,0,0,0,0,0,0,0,0,0
17,0,0,0,0,1,100,1,1000,0,0,0,0,0,0,0,0,0,0,0,0
17,0,0,0,0,1,100,1,1000,0,0,0,0,0,0,0,0,0,0,0,0
17,249,0,9.8,-9.8,1,100,1,1000,0,0,0,0,0,0,0,0,0,0,0,0
17,0,0,0,0,1,100,1,1000,0,0,0,0,0,0,0,0,0,0,0,0
17,0,0,0,0,1,100,1,1000,0,0,0,0,0,0,0,0,0,0,0,0
17,0,0,0,0,1,100,1,1000,0,0,0,0,0,0,0,0,0,0,0,0
17,4,0,0.1,-0.1,1,100,1,1000,0,0,0,0,0,0,0,0,0,0,0,0
17,0,0,0,0,1,100,1,1000,0,0,0,0,0,0,0,0,0,0,0,0
17,8.1,0,13.9,-13.9,1,100,1,1000,0,0,0,0,0,0,0,0,0,0,0,0
17,0.1,0,0.1,-0.1,1,100,1,1000,0,0,0,0,0,0,0,0,0,0,0,0
17,0,0,1,-1,1,100,1,1000,0,0,0,0,0,0,0,0,0,0,0,0
17,0,0,188.8,-188.8,1,100,1,1000,0,0,0,0,0,0,0,0,0,0,0,0
18,0,0,0,0,1,100,1,1000,0,0,0,0,0,0,0,0,0,0,0,0
18,0,0,0,0,1,100,1,1000,0,0,0,0,0,0,0,0,0,0,0,0
18,0,0,0,0,1,100,1,1000,0,0,0,0,0,0,0,0,0,0,0,0
18,0,0,0,0,1,100,1,1000,0,0,0,0,0,0,0,0,0,0,0,0
18,0,0,0,0,1,100,1,1000,0,0,0,0,0,0,0,0,0,0,0,0
18,0,0,0,0,1,100,1,1000,0,0,0,0,0,0,0,0,0,0,0,0
18,27,0,0.8,-0.8,1,100,1,1000,0,0,0,0,0,0,0,0,0,0,0,0
18,0,0,0,0,1,100,1,1000,0,0,0,0,0,0,0,0,0,0,0,0
18,54.4,0,46.6,-46.6,1,100,1,1000,0,0,0,0,0,0,0,0,0,0,0,0
18,6.3,0,2.3,-2.3,1,100,1,1000,0,0,0,0,0,0,0,0,0,0,0,0
19,0,0,0,0,1,100,1,1000,0,0,0,0,0,0,0,0,0,0,0,0
19,0,0,0,0,1,100,1,1000,0,0,0,0,0,0,0,0,0,0,0,0
19,99,0,17.3,-17.3,1,100,1,1000,0,0,0,0,0,0,0,0,0,0,0,0
19,0,0,0,0,1,100,1,1000,0,0,0,0,0,0,0,0,0,0,0,0
19,2400,0,428.1,-428.1,1,100,1,1000,0,0,0,0,0,0,0,0,0,0,0,0
19,0,0,0,0,1,100,1,1000,0,0,0,0,0,0,0,0,0,0,0,0
19,16,0,3.1,-3.1,1,100,1,1000,0,0,0,0,0,0,0,0,0,0,0,0
19,0,0,0,0,1,100,1,1000,0,0,0,0,0,0,0,0,0,0,0,0
19,1000,0,742.2,-742.2,1,100,1,1000,0,0,0,0,0,0,0,0,0,0,0,0
19,32.3,0,6.8,-6.8,1,100,1,1000,0,0,0,0,0,0,0,0,0,0,0,0
19,964.7,0,125,-125,1,100,1,1000,0,0,0,0,0,0,0,0,0,0,0,0
19,0,0,87.6,-87.6,1,100,1,1000,0,0,0,0,0,0,0,0,0,0,0,0
20,0,0,0,0,1,100,1,1000,0,0,0,0,0,0,0,0,0,0,0,0
20,0,0,0,0,1,100,1,1000,0,0,0,0,0,0,0,0,0,0,0,0
20,349,0,17.8,-17.8,1,100,1,1000,0,0,0,0,0,0,0,0,0,0,0,0
20,0,0,0,0,1,100,1,1000,0,0,0,0,0,0,0,0,0,0,0,0
20,0,0,0,0,1,100,1,1000,0,0,0,0,0,0,0,0,0,0,0,0
20,0,0,0,0,1,100,1,1000,0,0,0,0,0,0,0,0,0,0,0,0
20,52,0,3.5,-3.5,1,100,1,1000,0,0,0,0,0,0,0,0,0,0,0,0
20,0,0,0,0,1,100,1,1000,0,0,0,0,0,0,0,0,0,0,0,0
20,104,0,150.2,-150.2,1,100,1,1000,0,0,0,0,0,0,0,0,0,0,0,0
20,34.2,0,22,-22,1,100,1,1000,0,0,0,0,0,0,0,0,0,0,0,0
20,0,0,4.8,-4.8,1,100,1,1000,0,0,0,0,0,0,0,0,0,0,0,0
20,0,0,62,-62,1,100,1,1000,0,0,0,0,0,0,0,0,0,0,0,0
21,0,0,0,0,1,100,1,1000,0,0,0,0,0,0,0,0,0,0,0,0
21,0,0,0,0,1,100,1,1000,0,0,0,0,0,0,0,0,0,0,0,0
21,116,0,17.6,-17.6,1,100,1,1000,0,0,0,0,0,0,0,0,0,0,0,0
21,0,0,0,0,1,100,1,1000,0,0,0,0,0,0,0,0,0,0,0,0
21,0,0,0,0,1,100,1,1000,0,0,0,0,0,0,0,0,0,0,0,0
21,0,0,0,0,1,100,1,1000,0,0,0,0,0,0,0,0,0,0,0,0
21,35,0,5.7,-5.7,1,100,1,1000,0,0,0,0,0,0,0,0,0,0,0,0
21,0,0,0,0,1,100,1,1000,0,0,0,0,0,0,0,0,0,0,0,0
21,500,0,62.2,-62.2,1,100,1,1000,0,0,0,0,0,0,0,0,0,0,0,0
21,69.2,0,24.7,-24.7,1,100,1,1000,0,0,0,0,0,0,0,0,0,0,0,0
21,71.2,0,12.4,-12.4,1,100,1,1000,0,0,0,0,0,0,0,0,0,0,0,0
21,0,0,46,-46,1,100,1,1000,0,0,0,0,0,0,0,0,0,0,0,0
22,0,0,0,0,1,100,1,1000,0,0,0,0,0,0,0,0,0,0,0,0
22,0,0,0,0,1,100,1,1000,0,0,0,0,0,0,0,0,0,0,0,0
22,0,0,0,0,1,100,1,1000,0,0,0,0,0,0,0,0,0,0,0,0
22,0,0,0,0,1,100,1,1000,0,0,0,0,0,0,0,0,0,0,0,0
22,1203,0,145.6,-145.6,1,100,1,1000,0,0,0,0,0,0,0,0,0,0,0,0
22,0,0,0,0,1,100,1,1000,0,0,0,0,0,0,0,0,0,0,0,0
22,17,0,2.4,-2.4,1,100,1,1000,0,0,0,0,0,0,0,0,0,0,0,0
22,0,0,0,0,1,100,1,1000,0,0,0,0,0,0,0,0,0,0,0,0
22,0,0,0,0,1,100,1,1000,0,0,0,0,0,0,0,0,0,0,0,0
22,33.7,0,34.3,-34.3,1,100,1,1000,0,0,0,0,0,0,0,0,0,0,0,0
22,576,0,370.4,-370.4,1,100,1,1000,0,0,0,0,0,0,0,0,0,0,0,0
23,1724,0,147.2,-147.2,1,100,1,1000,0,0,0,0,0,0,0,0,0,0,0,0
23,0,0,0,0,1,100,1,1000,0,0,0,0,0,0,0,0,0,0,0,0
23,138,0,12,-12,1,100,1,1000,0,0,0,0,0,0,0,0,0,0,0,0
23,0,0,0,0,1,100,1,1000,0,0,0,0,0,0,0,0,0,0,0,0
23,0,0,0,0,1,100,1,1000,0,0,0,0,0,0,0,0,0,0,0,0
23,0,0,0,0,1,100,1,1000,0,0,0,0,0,0,0,0,0,0,0,0
23,49,0,5.2,-5.2,1,100,1,1000,0,0,0,0,0,0,0,0,0,0,0,0
23,0,0,0,0,1,100,1,1000,0,0,0,0,0,0,0,0,0,0,0,0
23,98.7,0,71.9,-71.9,1,100,1,1000,0,0,0,0,0,0,0,0,0,0,0,0
23,141.6,0,47.4,-47.4,1,100,1,1000,0,0,0,0,0,0,0,0,0,0,0,0
23,0,0,41.8,-41.8,1,100,1,1000,0,0,0,0,0,0,0,0,0,0,0,0
23,0,0,180.4,-180.4,1,100,1,1000,0,0,0,0,0,0,0,0,0,0,0,0
24,0,0,0,0,1,100,1,1000,0,0,0,0,0,0,0,0,0,0,0,0
24,0,0,0,0,1,100,1,1000,0,0,0,0,0,0,0,0,0,0,0,0
24,444,0,48.5,-48.5,1,100,1,1000,0,0,0,0,0,0,0,0,0,0,0,0
24,0,0,0,0,1,100,1,1000,0,0,0,0,0,0,0,0,0,0,0,0
24,0,0,0,0,1,100,1,1000,0,0,0,0,0,0,0,0,0,0,0,0
24,0,0,0,0,1,100,1,1000,0,0,0,0,0,0,0,0,0,0,0,0
24,14,0,1.9,-1.9,1,100,1,1000,0,0,0,0,0,0,0,0,0,0,0,0
24,0,0,0,0,1,100,1,1000,0,0,0,0,0,0,0,0,0,0,0,0
24,0,0,0,0,1,100,1,1000,0,0,0,0,0,0,0,0,0,0,0,0
24,28.6,0,16.8,-16.8,1,100,1,1000,0,0,0,0,0,0,0,0,0,0,0,0
24,926.8,0,350.5,-350.5,1,100,1,1000,0,0,0,0,0,0,0,0,0,0,0,0
25,366,0,38.2,-38.2,1,100,1,1000,0,0,0,0,0,0,0,0,0,0,0,0
25,0,0,0,0,1,100,1,1000,0,0,0,0,0,0,0,0,0,0,0,0
25,0,0,0,0,1,100,1,1000,0,0,0,0,0,0,0,0,0,0,0,0
25,0,0,0,0,1,100,1,1000,0,0,0,0,0,0,0,0,0,0,0,0
25,0,0,0,0,1,100,1,1000,0,0,0,0,0,0,0,0,0,0,0,0
25,0,0,0,0,1,100,1,1000,0,0,0,0,0,0,0,0,0,0,0,0
25,18,0,2.2,-2.2,1,100,1,1000,0,0,0,0,0,0,0,0,0,0,0,0
25,0,0,0,0,1,100,1,1000,0,0,0,0,0,0,0,0,0,0,0,0
25,1000,0,63.2,-63.2,1,100,1,1000,0,0,0,0,0,0,0,0,0,0,0,0
25,0,0,0,0,1,100,1,1000,0,0,0,0,0,0,0,0,0,0,0,0
25,35.9,0,40.2,-40.2,1,100,1,1000,0,0,0,0,0,0,0,0,0,0,0,0
25,43.5,0,21.9,-21.9,1,100,1,1000,0,0,0,0,0,0,0,0,0,0,0,0
25,0,0,1,-1,1,100,1,1000,0,0,0,0,0,0,0,0,0,0,0,0
25,0,0,1,-1,1,100,1,1000,0,0,0,0,0,0,0,0,0,0,0,0
25A,280,0,32.9,-32.9,1,100,1,1000,0,0,0,0,0,0,0,0,0,0,0,0
25A,0,0,0,0,1,100,1,1000,0,0,0,0,0,0,0,0,0,0,0,0
25A,20,0,3.9,-3.9,1,100,1,1000,0,0,0,0,0,0,0,0,0,0,0,0
25A,0,0,0,0,1,100,1,1000,0,0,0,0,0,0,0,0,0,0,0,0
25A,0,0,0,0,1,100,1,1000,0,0,0,0,0,0,0,0,0,0,0,0
25A,0,0,0,0,1,100,1,1000,0,0,0,0,0,0,0,0,0,0,0,0
25A,20,0,3.8,-3.8,1,100,1,1000,0,0,0,0,0,0,0,0,0,0,0,0
25A,0,0,0,0,1,100,1,1000,0,0,0,0,0,0,0,0,0,0,0,0
25A,49.5,0,26.8,-26.8,1,100,1,1000,0,0,0,0,0,0,0,0,0,0,0,0
25A,596.1,0,201.6,-201.6,1,100,1,1000,0,0,0,0,0,0,0,0,0,0,0,0
25A,0,0,0,0,1,100,1,1000,0,0,0,0,0,0,0,0,0,0,0,0
26,0,0,0,0,1,100,1,1000,0,0,0,0,0,0,0,0,0,0,0,0
26,0,0,0,0,1,100,1,1000,0,0,0,0,0,0,0,0,0,0,0,0
26,0,0,0,0,1,100,1,1000,0,0,0,0,0,0,0,0,0,0,0,0
26,0,0,0,0,1,100,1,1000,0,0,0,0,0,0,0,0,0,0,0,0
26,0,0,0,0,1,100,1,1000,0,0,0,0,0,0,0,0,0,0,0,0
26,0,0,0,0,1,100,1,1000,0,0,0,0,0,0,0,0,0,0,0,0
26,4,0,0.5,-0.5,1,100,1,1000,0,0,0,0,0,0,0,0,0,0,0,0
26,0,0,0,0,1,100,1,1000,0,0,0,0,0,0,0,0,0,0,0,0
26,8.5,0,7.3,-7.3,1,100,1,1000,0,0,0,0,0,0,0,0,0,0,0,0
26,130.8,0,47.3,-47.3,1,100,1,1000,0,0,0,0,0,0,0,0,0,0,0,0
26,0,0,65,-65,1,100,1,1000,0,0,0,0,0,0,0,0,0,0,0,0
26,0,0,65.3,-65.3,1,100,1,1000,0,0,0,0,0,0,0,0,0,0,0,0
27E,120,0,22.6,-22.6,1,100,1,1000,0,0,0,0,0,0,0,0,0,0,0,0
27E,0,0,0,0,1,100,1,1000,0,0,0,0,0,0,0,0,0,0,0,0
27E,17,0,3.3,-3.3,1,100,1,1000,0,0,0,0,0,0,0,0,0,0,0,0
27E,0,0,0,0,1,100,1,1000,0,0,0,0,0,0,0,0,0,0,0,0
27E,1215,0,207.1,-207.1,1,100,1,1000,0,0,0,0,0,0,0,0,0,0,0,0
27E,0,0,0,0,1,100,1,1000,0,0,0,0,0,0,0,0,0,0,0,0
27E,15,0,2.8,-2.8,1,100,1,1000,0,0,0,0,0,0,0,0,0,0,0,0
27E,0,0,0,0,1,100,1,1000,0,0,0,0,0,0,0,0,0,0,0,0
27E,0,0,0,0,1,100,1,1000,0,0,0,0,0,0,0,0,0,0,0,0
27E,29.9,0,3,-3,1,100,1,1000,0,0,0,0,0,0,0,0,0,0,0,0
27E,1046.9,0,81.9,-81.9,1,100,1,1000,0,0,0,0,0,0,0,0,0,0,0,0
27E,0,0,22.7,-22.7,1,100,1,1000,0,0,0,0,0,0,0,0,0,0,0,0
27W,0,0,0,0,1,100,1,1000,0,0,0,0,0,0,0,0,0,0,0,0
27W,0,0,0,0,1,100,1,1000,0,0,0,0,0,0,0,0,0,0,0,0
27W,0,0,0,0,1,100,1,1000,0,0,0,0,0,0,0,0,0,0,0,0
27W,33,0,6.9,-6.9,1,100,1,1000,0,0,0,0,0,0,0,0,0,0,0,0
27W,0,0,0,0,1,100,1,1000,0,0,0,0,0,0,0,0,0,0,0,0
27W,0,0,0,0,1,100,1,1000,0,0,0,0,0,0,0,0,0,0,0,0
27W,21,0,4.2,-4.2,1,100,1,1000,0,0,0,0,0,0,0,0,0,0,0,0
27W,0,0,0,0,1,100,1,1000,0,0,0,0,0,0,0,0,0,0,0,0
27W,0,0,0,0,1,100,1,1000,0,0,0,0,0,0,0,0,0,0,0,0
27W,41.3,0,0.7,-0.7,1,100,1,1000,0,0,0,0,0,0,0,0,0,0,0,0
27W,0,0,0,0,1,100,1,1000,0,0,0,0,0,0,0,0,0,0,0,0
27W,805.8,0,7.5,-7.5,1,100,1,1000,0,0,0,0,0,0,0,0,0,0,0,0
27W,0,0,1.7,-1.7,1,100,1,1000,0,0,0,0,0,0,0,0,0,0,0,0
27W,0,0,3.4,-3.4,1,100,1,1000,0,0,0,0,0,0,0,0,0,0,0,0
28,0,0,0,0,1,100,1,1000,0,0,0,0,0,0,0,0,0,0,0,0
28,0,0,0,0,1,100,1,1000,0,0,0,0,0,0,0,0,0,0,0,0
28,3,0,0.3,-0.3,1,100,1,1000,0,0,0,0,0,0,0,0,0,0,0,0
28,0,0,0,0,1,100,1,1000,0,0,0,0,0,0,0,0,0,0,0,0
28,0,0,0,0,1,100,1,1000,0,0,0,0,0,0,0,0,0,0,0,0
28,0,0,0,0,1,100,1,1000,0,0,0,0,0,0,0,0,0,0,0,0
28,17,0,1.8,-1.8,1,100,1,1000,0,0,0,0,0,0,0,0,0,0,0,0
28,0,0,0,0,1,100,1,1000,0,0,0,0,0,0,0,0,0,0,0,0
28,0,0,0,0,1,100,1,1000,0,0,0,0,0,0,0,0,0,0,0,0
28,34,0,19.5,-19.5,1,100,1,1000,0,0,0,0,0,0,0,0,0,0,0,0
28,323.2,0,110.3,-110.3,1,100,1,1000,0,0,0,0,0,0,0,0,0,0,0,0
28,0,0,0,0,1,100,1,1000,0,0,0,0,0,0,0,0,0,0,0,0
29,52,0,9.4,-9.4,1,100,1,1000,0,0,0,0,0,0,0,0,0,0,0,0
29,0,0,0,0,1,100,1,1000,0,0,0,0,0,0,0,0,0,0,0,0
29,2,0,0.5,-0.5,1,100,1,1000,0,0,0,0,0,0,0,0,0,0,0,0
29,0,0,0,0,1,100,1,1000,0,0,0,0,0,0,0,0,0,0,0,0
29,0,0,0,0,1,100,1,1000,0,0,0,0,0,0,0,0,0,0,0,0
29,0,0,0,0,1,100,1,1000,0,0,0,0,0,0,0,0,0,0,0,0
29,14,0,0.8,-0.8,1,100,1,1000,0,0,0,0,0,0,0,0,0,0,0,0
29,0,0,0,0,1,100,1,1000,0,0,0,0,0,0,0,0,0,0,0,0
29,28.2,0,-1,1,1,100,1,1000,0,0,0,0,0,0,0,0,0,0,0,0
29,87.9,0,2.4,-2.4,1,100,1,1000,0,0,0,0,0,0,0,0,0,0,0,0
29,0,0,0,0,1,100,1,1000,0,0,0,0,0,0,0,0,0,0,0,0
29,0,0,42.9,-42.9,1,100,1,1000,0,0,0,0,0,0,0,0,0,0,0,0
30,0,0,0,0,1,100,1,1000,0,0,0,0,0,0,0,0,0,0,0,0
30,0,0,0,0,1,100,1,1000,0,0,0,0,0,0,0,0,0,0,0,0
30,0,0,0,0,1,100,1,1000,0,0,0,0,0,0,0,0,0,0,0,0
30,233,0,63.8,-63.8,1,100,1,1000,0,0,0,0,0,0,0,0,0,0,0,0
30,0,0,0,0,1,100,1,1000,0,0,0,0,0,0,0,0,0,0,0,0
30,0,0,0,0,1,100,1,1000,0,0,0,0,0,0,0,0,0,0,0,0
30,9,0,1.5,-1.5,1,100,1,1000,0,0,0,0,0,0,0,0,0,0,0,0
30,0,0,0,0,1,100,1,1000,0,0,0,0,0,0,0,0,0,0,0,0
30,18.8,0,5.9,-5.9,1,100,1,1000,0,0,0,0,0,0,0,0,0,0,0,0
30,119.6,0,23.7,-23.7,1,100,1,1000,0,0,0,0,0,0,0,0,0,0,0,0
30,0,0,23.2,-23.2,1,100,1,1000,0,0,0,0,0,0,0,0,0,0,0,0
30,0,0,360.7,-360.7,1,100,1,1000,0,0,0,0,0,0,0,0,0,0,0,0
31,0,0,0,0,1,100,1,1000,0,0,0,0,0,0,0,0,0,0,0,0
31,0,0,0,0,1,100,1,1000,0,0,0,0,0,0,0,0,0,0,0,0
31,0,0,0,0,1,100,1,1000,0,0,0,0,0,0,0,0,0,0,0,0
31,322,0,38.1,-38.1,1,100,1,1000,0,0,0,0,0,0,0,0,0,0,0,0
31,0,0,0,0,1,100,1,1000,0,0,0,0,0,0,0,0,0,0,0,0
31,0,0,0,0,1,100,1,1000,0,0,0,0,0,0,0,0,0,0,0,0
31,1,0,0.1,-0.1,1,100,1,1000,0,0,0,0,0,0,0,0,0,0,0,0
31,0,0,0,0,1,100,1,1000,0,0,0,0,0,0,0,0,0,0,0,0
31,3,0,3.4,-3.4,1,100,1,1000,0,0,0,0,0,0,0,0,0,0,0,0
31,295.5,0,206.1,-206.1,1,100,1,1000,0,0,0,0,0,0,0,0,0,0,0,0
31,0,0,353.7,-353.7,1,100,1,1000,0,0,0,0,0,0,0,0,0,0,0,0
32,0,0,0,0,1,100,1,1000,0,0,0,0,0,0,0,0,0,0,0,0
32,0,0,0,0,1,100,1,1000,0,0,0,0,0,0,0,0,0,0,0,0
32,2,0,0.3,-0.3,1,100,1,1000,0,0,0,0,0,0,0,0,0,0,0,0
32,536,0,88.2,-88.2,1,100,1,1000,0,0,0,0,0,0,0,0,0,0,0,0
32,0,0,0,0,1,100,1,1000,0,0,0,0,0,0,0,0,0,0,0,0
32,0,0,0,0,1,100,1,1000,0,0,0,0,0,0,0,0,0,0,0,0
32,9,0,1.7,-1.7,1,100,1,1000,0,0,0,0,0,0,0,0,0,0,0,0
32,612,0,104.2,-104.2,1,100,1,1000,0,0,0,0,0,0,0,0,0,0,0,0
32,0,0,0,0,1,100,1,1000,0,0,0,0,0,0,0,0,0,0,0,0
32,18.8,0,15.6,-15.6,1,100,1,1000,0,0,0,0,0,0,0,0,0,0,0,0
32,1224.2,0,569.4,-569.4,1,100,1,1000,0,0,0,0,0,0,0,0,0,0,0,0
32,0,0,76.7,-76.7,1,100,1,1000,0,0,0,0,0,0,0,0,0,0,0,0
32,0,0,682.1,-682.1,1,100,1,1000,0,0,0,0,0,0,0,0,0,0,0,0
33,0,0,0,0,1,100,1,1000,0,0,0,0,0,0,0,0,0,0,0,0
33,0,0,0,0,1,100,1,1000,0,0,0,0,0,0,0,0,0,0,0,0
33,0,0,0,0,1,100,1,1000,0,0,0,0,0,0,0,0,0,0,0,0
33,0,0,0,0,1,100,1,1000,0,0,0,0,0,0,0,0,0,0,0,0
33,0,0,0,0,1,100,1,1000,0,0,0,0,0,0,0,0,0,0,0,0
33,10,0,2.3,-2.3,1,100,1,1000,0,0,0,0,0,0,0,0,0,0,0,0
33,0,0,0,0,1,100,1,1000,0,0,0,0,0,0,0,0,0,0,0,0
33,0,0,0,0,1,100,1,1000,0,0,0,0,0,0,0,0,0,0,0,0
33,0,0,0,0,1,100,1,1000,0,0,0,0,0,0,0,0,0,0,0,0
33,0,0,0,0,1,100,1,1000,0,0,0,0,0,0,0,0,0,0,0,0
33,20.4,0,1.7,-1.7,1,100,1,1000,0,0,0,0,0,0,0,0,0,0,0,0
33,332.9,0,14.7,-14.7,1,100,1,1000,0,0,0,0,0,0,0,0,0,0,0,0
33,0,0,91.6,-91.6,1,100,1,1000,0,0,0,0,0,0,0,0,0,0,0,0
